--------------------------------------------------------
--  File created - Friday-August-12-2016   
--------------------------------------------------------
--------------------------------------------------------
--  DDL for Sequence ACTIVITY_PARAMETER_SEQ
--------------------------------------------------------

   CREATE SEQUENCE  "FRAUD"."ACTIVITY_PARAMETER_SEQ"  MINVALUE 1 MAXVALUE 9999999999999999999999999999 INCREMENT BY 1 START WITH 90 CACHE 20 NOORDER  NOCYCLE ;
--------------------------------------------------------
--  DDL for Sequence CASE_PARAMETER_SEQ
--------------------------------------------------------

   CREATE SEQUENCE  "FRAUD"."CASE_PARAMETER_SEQ"  MINVALUE 1 MAXVALUE 9999999999999999999999999999 INCREMENT BY 1 START WITH 113 CACHE 20 NOORDER  NOCYCLE ;
--------------------------------------------------------
--  DDL for Sequence PROFILEUSER_SEQ
--------------------------------------------------------

   CREATE SEQUENCE  "FRAUD"."PROFILEUSER_SEQ"  MINVALUE 1 MAXVALUE 9999999999999999999999999999 INCREMENT BY 1 START WITH 105 CACHE 20 NOORDER  NOCYCLE ;
--------------------------------------------------------
--  DDL for Table FRAUD_ACTIVITY
--------------------------------------------------------

  CREATE TABLE "FRAUD"."FRAUD_ACTIVITY" 
   (	"ID_CASE" VARCHAR2(100 BYTE) DEFAULT NULL, 
	"ACTIVITY_PARAMETER" VARCHAR2(200 BYTE) DEFAULT NULL, 
	"ACTIVITY_DATE" DATE DEFAULT NULL, 
	"DESCRIPTION" VARCHAR2(500 BYTE) DEFAULT NULL, 
	"INPUT_DATE" TIMESTAMP (6) DEFAULT NULL, 
	"FILENAME" VARCHAR2(100 BYTE) DEFAULT NULL, 
	"MIME" VARCHAR2(100 BYTE) DEFAULT NULL, 
	"ORIGINAL_FILENAME" VARCHAR2(100 BYTE) DEFAULT NULL
   ) SEGMENT CREATION IMMEDIATE 
  PCTFREE 10 PCTUSED 40 INITRANS 1 MAXTRANS 255 NOCOMPRESS LOGGING
  STORAGE(INITIAL 65536 NEXT 1048576 MINEXTENTS 1 MAXEXTENTS 2147483645
  PCTINCREASE 0 FREELISTS 1 FREELIST GROUPS 1 BUFFER_POOL DEFAULT FLASH_CACHE DEFAULT CELL_FLASH_CACHE DEFAULT)
  TABLESPACE "SYSTEM" ;
--------------------------------------------------------
--  DDL for Table FRAUD_ACTIVITY_PARAMETER
--------------------------------------------------------

  CREATE TABLE "FRAUD"."FRAUD_ACTIVITY_PARAMETER" 
   (	"ID_PARAMETER" NUMBER(10,0), 
	"DESCRIPTION" VARCHAR2(200 BYTE) DEFAULT NULL, 
	"STATUS" CHAR(1 BYTE) DEFAULT NULL, 
	"AKRONIM" VARCHAR2(3 BYTE), 
	"AKTIF" CHAR(1 BYTE) DEFAULT 1
   ) SEGMENT CREATION IMMEDIATE 
  PCTFREE 10 PCTUSED 40 INITRANS 1 MAXTRANS 255 NOCOMPRESS LOGGING
  STORAGE(INITIAL 65536 NEXT 1048576 MINEXTENTS 1 MAXEXTENTS 2147483645
  PCTINCREASE 0 FREELISTS 1 FREELIST GROUPS 1 BUFFER_POOL DEFAULT FLASH_CACHE DEFAULT CELL_FLASH_CACHE DEFAULT)
  TABLESPACE "SYSTEM" ;
--------------------------------------------------------
--  DDL for Table FRAUD_CASE_PARAMETER
--------------------------------------------------------

  CREATE TABLE "FRAUD"."FRAUD_CASE_PARAMETER" 
   (	"ID_PARAMETER" NUMBER(10,0), 
	"DESCRIPTION" VARCHAR2(200 BYTE) DEFAULT NULL, 
	"AKTIF" CHAR(1 BYTE) DEFAULT 1
   ) SEGMENT CREATION IMMEDIATE 
  PCTFREE 10 PCTUSED 40 INITRANS 1 MAXTRANS 255 NOCOMPRESS LOGGING
  STORAGE(INITIAL 65536 NEXT 1048576 MINEXTENTS 1 MAXEXTENTS 2147483645
  PCTINCREASE 0 FREELISTS 1 FREELIST GROUPS 1 BUFFER_POOL DEFAULT FLASH_CACHE DEFAULT CELL_FLASH_CACHE DEFAULT)
  TABLESPACE "SYSTEM" ;
--------------------------------------------------------
--  DDL for Table FRAUD_KASUS
--------------------------------------------------------

  CREATE TABLE "FRAUD"."FRAUD_KASUS" 
   (	"ID_CASE" VARCHAR2(100 BYTE) DEFAULT NULL, 
	"CASE_PARAMETER" VARCHAR2(200 BYTE) DEFAULT NULL, 
	"CASE_TIME" DATE DEFAULT NULL, 
	"DESCRIPTION" VARCHAR2(500 BYTE) DEFAULT NULL, 
	"STATUS" VARCHAR2(20 BYTE) DEFAULT NULL, 
	"DESTINATION" VARCHAR2(100 BYTE) DEFAULT NULL, 
	"DESTINATION_NUMBER" VARCHAR2(15 BYTE) DEFAULT NULL, 
	"DURASI" NUMBER(10,0) DEFAULT NULL, 
	"NUMBER_OF_CALL" NUMBER(10,0) DEFAULT NULL, 
	"INPUT_DATE" TIMESTAMP (6) DEFAULT NULL, 
	"FILENAME" VARCHAR2(100 BYTE) DEFAULT NULL, 
	"MIME" VARCHAR2(100 BYTE) DEFAULT NULL, 
	"ORIGINAL_FILENAME" VARCHAR2(100 BYTE) DEFAULT NULL, 
	"LAST_ACTIVITY" VARCHAR2(3 BYTE)
   ) SEGMENT CREATION IMMEDIATE 
  PCTFREE 10 PCTUSED 40 INITRANS 1 MAXTRANS 255 NOCOMPRESS LOGGING
  STORAGE(INITIAL 65536 NEXT 1048576 MINEXTENTS 1 MAXEXTENTS 2147483645
  PCTINCREASE 0 FREELISTS 1 FREELIST GROUPS 1 BUFFER_POOL DEFAULT FLASH_CACHE DEFAULT CELL_FLASH_CACHE DEFAULT)
  TABLESPACE "SYSTEM" ;
--------------------------------------------------------
--  DDL for Table FRAUD_PROFIL
--------------------------------------------------------

  CREATE TABLE "FRAUD"."FRAUD_PROFIL" 
   (	"ID_CASE" VARCHAR2(100 BYTE) DEFAULT NULL, 
	"TELEPHONE_NUMBER" VARCHAR2(15 BYTE) DEFAULT NULL, 
	"MAIN_NUMBER" VARCHAR2(15 BYTE) DEFAULT NULL, 
	"NIPNAS" NUMBER(8,0) DEFAULT NULL, 
	"CUSTOMER" VARCHAR2(150 BYTE) DEFAULT NULL, 
	"NIKAM" NUMBER(6,0) DEFAULT NULL, 
	"AM" VARCHAR2(100 BYTE) DEFAULT NULL, 
	"INSTALLATION" VARCHAR2(100 BYTE) DEFAULT NULL, 
	"SEGMEN" VARCHAR2(3 BYTE) DEFAULT NULL, 
	"REVENUE" NUMBER(15,0) DEFAULT NULL
   ) SEGMENT CREATION IMMEDIATE 
  PCTFREE 10 PCTUSED 40 INITRANS 1 MAXTRANS 255 NOCOMPRESS LOGGING
  STORAGE(INITIAL 65536 NEXT 1048576 MINEXTENTS 1 MAXEXTENTS 2147483645
  PCTINCREASE 0 FREELISTS 1 FREELIST GROUPS 1 BUFFER_POOL DEFAULT FLASH_CACHE DEFAULT CELL_FLASH_CACHE DEFAULT)
  TABLESPACE "SYSTEM" ;
--------------------------------------------------------
--  DDL for Table FRAUD_PROFILEUSER
--------------------------------------------------------

  CREATE TABLE "FRAUD"."FRAUD_PROFILEUSER" 
   (	"ID" NUMBER(10,0), 
	"USERNAME" VARCHAR2(30 BYTE) DEFAULT NULL, 
	"PASSWD" VARCHAR2(1024 BYTE) DEFAULT NULL, 
	"PREVILEDGE" CHAR(1 BYTE) DEFAULT NULL, 
	"REMEMBER_TOKEN" VARCHAR2(100 BYTE) DEFAULT NULL
   ) SEGMENT CREATION IMMEDIATE 
  PCTFREE 10 PCTUSED 40 INITRANS 1 MAXTRANS 255 NOCOMPRESS LOGGING
  STORAGE(INITIAL 65536 NEXT 1048576 MINEXTENTS 1 MAXEXTENTS 2147483645
  PCTINCREASE 0 FREELISTS 1 FREELIST GROUPS 1 BUFFER_POOL DEFAULT FLASH_CACHE DEFAULT CELL_FLASH_CACHE DEFAULT)
  TABLESPACE "SYSTEM" ;
REM INSERTING into FRAUD.FRAUD_ACTIVITY
SET DEFINE OFF;
Insert into FRAUD.FRAUD_ACTIVITY (ID_CASE,ACTIVITY_PARAMETER,ACTIVITY_DATE,DESCRIPTION,INPUT_DATE,FILENAME,MIME,ORIGINAL_FILENAME) values ('3485b25f-6d25-43bb-8c57-502146cb227f','PERMINTAAN BLOKIR',to_date('13-08-2016','DD-MM-RRRR'),'Permintaan',to_timestamp('10-08-2016 00.00.00,000000000','DD-MM-RRRR HH24.MI.SSXFF'),'2.jpg',null,'C:/xampp/htdocs/fraud/file_activity/2.jpg');
Insert into FRAUD.FRAUD_ACTIVITY (ID_CASE,ACTIVITY_PARAMETER,ACTIVITY_DATE,DESCRIPTION,INPUT_DATE,FILENAME,MIME,ORIGINAL_FILENAME) values ('3485b25f-6d25-43bb-8c57-502146cb227f','TIKETING',to_date('13-08-2016','DD-MM-RRRR'),'Selesai',to_timestamp('10-08-2016 00.00.00,000000000','DD-MM-RRRR HH24.MI.SSXFF'),'6.png',null,'C:/xampp/htdocs/fraud/file_activity/6.png');
Insert into FRAUD.FRAUD_ACTIVITY (ID_CASE,ACTIVITY_PARAMETER,ACTIVITY_DATE,DESCRIPTION,INPUT_DATE,FILENAME,MIME,ORIGINAL_FILENAME) values ('2fe17ad8-cd49-4fa6-8e08-e9b37c47e895','PERMINTAAN BLOKIR',to_date('20-08-2016','DD-MM-RRRR'),'Permintaal awal',to_timestamp('12-08-2016 00.00.00,000000000','DD-MM-RRRR HH24.MI.SSXFF'),'8.png',null,'C:/xampp/htdocs/fraud/file_activity/8.png');
Insert into FRAUD.FRAUD_ACTIVITY (ID_CASE,ACTIVITY_PARAMETER,ACTIVITY_DATE,DESCRIPTION,INPUT_DATE,FILENAME,MIME,ORIGINAL_FILENAME) values ('148a8702-1466-4a94-b88f-afb3e3947b65','PERMINTAAN BLOKIR',to_date('22-08-2016','DD-MM-RRRR'),'Permintaan dilakukan besok',to_timestamp('09-08-2016 00.00.00,000000000','DD-MM-RRRR HH24.MI.SSXFF'),'33.jpg',null,'C:/xampp/htdocs/fraud/file_activity/33.jpg');
Insert into FRAUD.FRAUD_ACTIVITY (ID_CASE,ACTIVITY_PARAMETER,ACTIVITY_DATE,DESCRIPTION,INPUT_DATE,FILENAME,MIME,ORIGINAL_FILENAME) values ('3485b25f-6d25-43bb-8c57-502146cb227f','CARING PELANGGAN',to_date('12-08-2016','DD-MM-RRRR'),'Caring pelanggan',to_timestamp('10-08-2016 00.00.00,000000000','DD-MM-RRRR HH24.MI.SSXFF'),'71.png',null,'C:/xampp/htdocs/fraud/file_activity/71.png');
Insert into FRAUD.FRAUD_ACTIVITY (ID_CASE,ACTIVITY_PARAMETER,ACTIVITY_DATE,DESCRIPTION,INPUT_DATE,FILENAME,MIME,ORIGINAL_FILENAME) values ('d05c0dc9-77fb-47d1-84cb-64e9bf6bbe2d','SURAT PELANGGAN',to_date('02-08-2016','DD-MM-RRRR'),'Surat akan dikirim',to_timestamp('10-08-2016 00.00.00,000000000','DD-MM-RRRR HH24.MI.SSXFF'),'34.jpg',null,'C:/xampp/htdocs/fraud/file_activity/34.jpg');
Insert into FRAUD.FRAUD_ACTIVITY (ID_CASE,ACTIVITY_PARAMETER,ACTIVITY_DATE,DESCRIPTION,INPUT_DATE,FILENAME,MIME,ORIGINAL_FILENAME) values ('d05c0dc9-77fb-47d1-84cb-64e9bf6bbe2d','CARING PELANGGAN',to_date('09-08-2016','DD-MM-RRRR'),'Caring',to_timestamp('11-08-2016 00.00.00,000000000','DD-MM-RRRR HH24.MI.SSXFF'),'4.jpg',null,'C:/xampp/htdocs/fraud/file_activity/4.jpg');
REM INSERTING into FRAUD.FRAUD_ACTIVITY_PARAMETER
SET DEFINE OFF;
Insert into FRAUD.FRAUD_ACTIVITY_PARAMETER (ID_PARAMETER,DESCRIPTION,STATUS,AKRONIM,AKTIF) values ('1','PERMINTAAN BLOKIR','0','PBL','1');
Insert into FRAUD.FRAUD_ACTIVITY_PARAMETER (ID_PARAMETER,DESCRIPTION,STATUS,AKRONIM,AKTIF) values ('2','BLOKIR SLI','0','BLS','1');
Insert into FRAUD.FRAUD_ACTIVITY_PARAMETER (ID_PARAMETER,DESCRIPTION,STATUS,AKRONIM,AKTIF) values ('3','CARING PELANGGAN','0','CPL','1');
Insert into FRAUD.FRAUD_ACTIVITY_PARAMETER (ID_PARAMETER,DESCRIPTION,STATUS,AKRONIM,AKTIF) values ('4','RESPON PELANGGAN','0','RPL','1');
Insert into FRAUD.FRAUD_ACTIVITY_PARAMETER (ID_PARAMETER,DESCRIPTION,STATUS,AKRONIM,AKTIF) values ('5','SURAT PELANGGAN','0','SPL','1');
Insert into FRAUD.FRAUD_ACTIVITY_PARAMETER (ID_PARAMETER,DESCRIPTION,STATUS,AKRONIM,AKTIF) values ('6','TICKETING','1','TCT','1');
Insert into FRAUD.FRAUD_ACTIVITY_PARAMETER (ID_PARAMETER,DESCRIPTION,STATUS,AKRONIM,AKTIF) values ('7','BUKA BLOKIR/TAGIH','1','BBT','1');
Insert into FRAUD.FRAUD_ACTIVITY_PARAMETER (ID_PARAMETER,DESCRIPTION,STATUS,AKRONIM,AKTIF) values ('9','BLOKIR PERMANEN','1','BPP','1');
Insert into FRAUD.FRAUD_ACTIVITY_PARAMETER (ID_PARAMETER,DESCRIPTION,STATUS,AKRONIM,AKTIF) values ('50','BLOKIR LAMA','0','BKL','0');
Insert into FRAUD.FRAUD_ACTIVITY_PARAMETER (ID_PARAMETER,DESCRIPTION,STATUS,AKRONIM,AKTIF) values ('70','BLOKIR PENGGUNA','1','BPA','0');
REM INSERTING into FRAUD.FRAUD_CASE_PARAMETER
SET DEFINE OFF;
Insert into FRAUD.FRAUD_CASE_PARAMETER (ID_PARAMETER,DESCRIPTION,AKTIF) values ('1','ONE TO MANY','1');
Insert into FRAUD.FRAUD_CASE_PARAMETER (ID_PARAMETER,DESCRIPTION,AKTIF) values ('2','MANY TO ONE','0');
Insert into FRAUD.FRAUD_CASE_PARAMETER (ID_PARAMETER,DESCRIPTION,AKTIF) values ('74','ONE TO ONE','1');
Insert into FRAUD.FRAUD_CASE_PARAMETER (ID_PARAMETER,DESCRIPTION,AKTIF) values ('54','MANY TO MANY','1');
Insert into FRAUD.FRAUD_CASE_PARAMETER (ID_PARAMETER,DESCRIPTION,AKTIF) values ('75','ONE TO THREE','0');
Insert into FRAUD.FRAUD_CASE_PARAMETER (ID_PARAMETER,DESCRIPTION,AKTIF) values ('93','MANY TO THREE','0');
REM INSERTING into FRAUD.FRAUD_KASUS
SET DEFINE OFF;
Insert into FRAUD.FRAUD_KASUS (ID_CASE,CASE_PARAMETER,CASE_TIME,DESCRIPTION,STATUS,DESTINATION,DESTINATION_NUMBER,DURASI,NUMBER_OF_CALL,INPUT_DATE,FILENAME,MIME,ORIGINAL_FILENAME,LAST_ACTIVITY) values ('d05c0dc9-77fb-47d1-84cb-64e9bf6bbe2d','ONE TO MANY',to_date('20-07-2016','DD-MM-RRRR'),'Kasus kedua','0','Albania Barat','08975557763','60000','600',to_timestamp('10-08-2016 00.00.00,000000000','DD-MM-RRRR HH24.MI.SSXFF'),'2.jpg',null,'C:/xampp/htdocs/fraud/case_activity/2.jpg','CPL');
Insert into FRAUD.FRAUD_KASUS (ID_CASE,CASE_PARAMETER,CASE_TIME,DESCRIPTION,STATUS,DESTINATION,DESTINATION_NUMBER,DURASI,NUMBER_OF_CALL,INPUT_DATE,FILENAME,MIME,ORIGINAL_FILENAME,LAST_ACTIVITY) values ('3485b25f-6d25-43bb-8c57-502146cb227f','MANY TO MANY',to_date('10-08-2016','DD-MM-RRRR'),'Kasus telepon ke malaysia','1','Malaysia','0314666777','7200','30',to_timestamp('10-08-2016 00.00.00,000000000','DD-MM-RRRR HH24.MI.SSXFF'),'21.jpg',null,'C:/xampp/htdocs/fraud/case_activity/21.jpg','TKT');
Insert into FRAUD.FRAUD_KASUS (ID_CASE,CASE_PARAMETER,CASE_TIME,DESCRIPTION,STATUS,DESTINATION,DESTINATION_NUMBER,DURASI,NUMBER_OF_CALL,INPUT_DATE,FILENAME,MIME,ORIGINAL_FILENAME,LAST_ACTIVITY) values ('148a8702-1466-4a94-b88f-afb3e3947b65','MANY TO MANY',to_date('20-06-2016','DD-MM-RRRR'),'Kasus pertama','0','Indonesia','0314666789','3600','30',to_timestamp('09-08-2016 00.00.00,000000000','DD-MM-RRRR HH24.MI.SSXFF'),'42.jpg',null,'C:/xampp/htdocs/fraud/case_activity/42.jpg','PBL');
Insert into FRAUD.FRAUD_KASUS (ID_CASE,CASE_PARAMETER,CASE_TIME,DESCRIPTION,STATUS,DESTINATION,DESTINATION_NUMBER,DURASI,NUMBER_OF_CALL,INPUT_DATE,FILENAME,MIME,ORIGINAL_FILENAME,LAST_ACTIVITY) values ('2fe17ad8-cd49-4fa6-8e08-e9b37c47e895','ONE TO ONE',to_date('12-08-2016','DD-MM-RRRR'),'Cara','0','ALBANIA BARAT','0314666789','3600','30',to_timestamp('12-08-2016 00.00.00,000000000','DD-MM-RRRR HH24.MI.SSXFF'),'43.jpg',null,'C:/xampp/htdocs/fraud/case_activity/43.jpg','PBL');
REM INSERTING into FRAUD.FRAUD_PROFIL
SET DEFINE OFF;
Insert into FRAUD.FRAUD_PROFIL (ID_CASE,TELEPHONE_NUMBER,MAIN_NUMBER,NIPNAS,CUSTOMER,NIKAM,AM,INSTALLATION,SEGMEN,REVENUE) values ('148a8702-1466-4a94-b88f-afb3e3947b65','081383112806','081383112888','76661667','Santoso','986789','John','Sukolilo','FSS','273');
Insert into FRAUD.FRAUD_PROFIL (ID_CASE,TELEPHONE_NUMBER,MAIN_NUMBER,NIPNAS,CUSTOMER,NIKAM,AM,INSTALLATION,SEGMEN,REVENUE) values ('3485b25f-6d25-43bb-8c57-502146cb227f','08967776554','03135766599','55555555','Bank BNI','600000','Afif Ishamsyah','Thamrin','BMS','450000');
Insert into FRAUD.FRAUD_PROFIL (ID_CASE,TELEPHONE_NUMBER,MAIN_NUMBER,NIPNAS,CUSTOMER,NIKAM,AM,INSTALLATION,SEGMEN,REVENUE) values ('d05c0dc9-77fb-47d1-84cb-64e9bf6bbe2d','09188827777','02182608708','43211234','Asboen','123432','Zig','Malaysia Barat','DSS','30');
Insert into FRAUD.FRAUD_PROFIL (ID_CASE,TELEPHONE_NUMBER,MAIN_NUMBER,NIPNAS,CUSTOMER,NIKAM,AM,INSTALLATION,SEGMEN,REVENUE) values ('2fe17ad8-cd49-4fa6-8e08-e9b37c47e895','08967776554','08322279000',null,null,null,null,null,null,null);
REM INSERTING into FRAUD.FRAUD_PROFILEUSER
SET DEFINE OFF;
Insert into FRAUD.FRAUD_PROFILEUSER (ID,USERNAME,PASSWD,PREVILEDGE,REMEMBER_TOKEN) values ('68','UserPertama','UserPertama','0',null);
Insert into FRAUD.FRAUD_PROFILEUSER (ID,USERNAME,PASSWD,PREVILEDGE,REMEMBER_TOKEN) values ('67','fraudadmin','fraudadmin','1',null);
Insert into FRAUD.FRAUD_PROFILEUSER (ID,USERNAME,PASSWD,PREVILEDGE,REMEMBER_TOKEN) values ('65','Administrator','Administrator','1',null);
--------------------------------------------------------
--  DDL for Index ID_CASES
--------------------------------------------------------

  CREATE INDEX "FRAUD"."ID_CASES" ON "FRAUD"."FRAUD_ACTIVITY" ("ID_CASE") 
  PCTFREE 10 INITRANS 2 MAXTRANS 255 COMPUTE STATISTICS 
  STORAGE(INITIAL 65536 NEXT 1048576 MINEXTENTS 1 MAXEXTENTS 2147483645
  PCTINCREASE 0 FREELISTS 1 FREELIST GROUPS 1 BUFFER_POOL DEFAULT FLASH_CACHE DEFAULT CELL_FLASH_CACHE DEFAULT)
  TABLESPACE "SYSTEM" ;
--------------------------------------------------------
--  DDL for Index CASE_PARAMETER
--------------------------------------------------------

  CREATE INDEX "FRAUD"."CASE_PARAMETER" ON "FRAUD"."FRAUD_KASUS" ("CASE_PARAMETER") 
  PCTFREE 10 INITRANS 2 MAXTRANS 255 COMPUTE STATISTICS 
  STORAGE(INITIAL 65536 NEXT 1048576 MINEXTENTS 1 MAXEXTENTS 2147483645
  PCTINCREASE 0 FREELISTS 1 FREELIST GROUPS 1 BUFFER_POOL DEFAULT FLASH_CACHE DEFAULT CELL_FLASH_CACHE DEFAULT)
  TABLESPACE "SYSTEM" ;
--------------------------------------------------------
--  DDL for Index ACTIVITY_NUMBER
--------------------------------------------------------

  CREATE INDEX "FRAUD"."ACTIVITY_NUMBER" ON "FRAUD"."FRAUD_ACTIVITY" ("ACTIVITY_PARAMETER") 
  PCTFREE 10 INITRANS 2 MAXTRANS 255 COMPUTE STATISTICS 
  STORAGE(INITIAL 65536 NEXT 1048576 MINEXTENTS 1 MAXEXTENTS 2147483645
  PCTINCREASE 0 FREELISTS 1 FREELIST GROUPS 1 BUFFER_POOL DEFAULT FLASH_CACHE DEFAULT CELL_FLASH_CACHE DEFAULT)
  TABLESPACE "SYSTEM" ;
--------------------------------------------------------
--  DDL for Index ID_CASE
--------------------------------------------------------

  CREATE INDEX "FRAUD"."ID_CASE" ON "FRAUD"."FRAUD_PROFIL" ("ID_CASE") 
  PCTFREE 10 INITRANS 2 MAXTRANS 255 COMPUTE STATISTICS 
  STORAGE(INITIAL 65536 NEXT 1048576 MINEXTENTS 1 MAXEXTENTS 2147483645
  PCTINCREASE 0 FREELISTS 1 FREELIST GROUPS 1 BUFFER_POOL DEFAULT FLASH_CACHE DEFAULT CELL_FLASH_CACHE DEFAULT)
  TABLESPACE "SYSTEM" ;
--------------------------------------------------------
--  Constraints for Table FRAUD_CASE_PARAMETER
--------------------------------------------------------

  ALTER TABLE "FRAUD"."FRAUD_CASE_PARAMETER" ADD PRIMARY KEY ("ID_PARAMETER")
  USING INDEX PCTFREE 10 INITRANS 2 MAXTRANS 255 COMPUTE STATISTICS 
  STORAGE(INITIAL 65536 NEXT 1048576 MINEXTENTS 1 MAXEXTENTS 2147483645
  PCTINCREASE 0 FREELISTS 1 FREELIST GROUPS 1 BUFFER_POOL DEFAULT FLASH_CACHE DEFAULT CELL_FLASH_CACHE DEFAULT)
  TABLESPACE "SYSTEM"  ENABLE;
  ALTER TABLE "FRAUD"."FRAUD_CASE_PARAMETER" MODIFY ("ID_PARAMETER" NOT NULL ENABLE);
--------------------------------------------------------
--  Constraints for Table FRAUD_KASUS
--------------------------------------------------------

  ALTER TABLE "FRAUD"."FRAUD_KASUS" ADD PRIMARY KEY ("ID_CASE")
  USING INDEX PCTFREE 10 INITRANS 2 MAXTRANS 255 COMPUTE STATISTICS 
  STORAGE(INITIAL 65536 NEXT 1048576 MINEXTENTS 1 MAXEXTENTS 2147483645
  PCTINCREASE 0 FREELISTS 1 FREELIST GROUPS 1 BUFFER_POOL DEFAULT FLASH_CACHE DEFAULT CELL_FLASH_CACHE DEFAULT)
  TABLESPACE "SYSTEM"  ENABLE;
  ALTER TABLE "FRAUD"."FRAUD_KASUS" MODIFY ("ID_CASE" NOT NULL ENABLE);
--------------------------------------------------------
--  Constraints for Table FRAUD_ACTIVITY_PARAMETER
--------------------------------------------------------

  ALTER TABLE "FRAUD"."FRAUD_ACTIVITY_PARAMETER" ADD PRIMARY KEY ("ID_PARAMETER")
  USING INDEX PCTFREE 10 INITRANS 2 MAXTRANS 255 COMPUTE STATISTICS 
  STORAGE(INITIAL 65536 NEXT 1048576 MINEXTENTS 1 MAXEXTENTS 2147483645
  PCTINCREASE 0 FREELISTS 1 FREELIST GROUPS 1 BUFFER_POOL DEFAULT FLASH_CACHE DEFAULT CELL_FLASH_CACHE DEFAULT)
  TABLESPACE "SYSTEM"  ENABLE;
  ALTER TABLE "FRAUD"."FRAUD_ACTIVITY_PARAMETER" MODIFY ("ID_PARAMETER" NOT NULL ENABLE);
--------------------------------------------------------
--  Constraints for Table FRAUD_PROFILEUSER
--------------------------------------------------------

  ALTER TABLE "FRAUD"."FRAUD_PROFILEUSER" ADD PRIMARY KEY ("ID")
  USING INDEX PCTFREE 10 INITRANS 2 MAXTRANS 255 COMPUTE STATISTICS 
  STORAGE(INITIAL 65536 NEXT 1048576 MINEXTENTS 1 MAXEXTENTS 2147483645
  PCTINCREASE 0 FREELISTS 1 FREELIST GROUPS 1 BUFFER_POOL DEFAULT FLASH_CACHE DEFAULT CELL_FLASH_CACHE DEFAULT)
  TABLESPACE "SYSTEM"  ENABLE;
  ALTER TABLE "FRAUD"."FRAUD_PROFILEUSER" MODIFY ("ID" NOT NULL ENABLE);
--------------------------------------------------------
--  Ref Constraints for Table FRAUD_ACTIVITY
--------------------------------------------------------

  ALTER TABLE "FRAUD"."FRAUD_ACTIVITY" ADD CONSTRAINT "ACTIVITY_IBFK_6" FOREIGN KEY ("ID_CASE")
	  REFERENCES "FRAUD"."FRAUD_KASUS" ("ID_CASE") ENABLE;
--------------------------------------------------------
--  Ref Constraints for Table FRAUD_PROFIL
--------------------------------------------------------

  ALTER TABLE "FRAUD"."FRAUD_PROFIL" ADD CONSTRAINT "PROFILE_IBFK_1" FOREIGN KEY ("ID_CASE")
	  REFERENCES "FRAUD"."FRAUD_KASUS" ("ID_CASE") ENABLE;
--------------------------------------------------------
--  DDL for Trigger ACTIVITY_PARAMETER_SEQ_TR
--------------------------------------------------------

  CREATE OR REPLACE TRIGGER "FRAUD"."ACTIVITY_PARAMETER_SEQ_TR" 
 BEFORE INSERT ON FRAUD_ACTIVITY_PARAMETER FOR EACH ROW
  WHEN (NEW.id_parameter IS NULL) BEGIN
 SELECT activity_parameter_seq.NEXTVAL INTO :NEW.id_parameter FROM DUAL;
END;
/
ALTER TRIGGER "FRAUD"."ACTIVITY_PARAMETER_SEQ_TR" ENABLE;
--------------------------------------------------------
--  DDL for Trigger CASE_PARAMETER_SEQ_TR
--------------------------------------------------------

  CREATE OR REPLACE TRIGGER "FRAUD"."CASE_PARAMETER_SEQ_TR" 
 BEFORE INSERT ON FRAUD_CASE_PARAMETER FOR EACH ROW
  WHEN (NEW.id_parameter IS NULL) BEGIN
 SELECT case_parameter_seq.NEXTVAL INTO :NEW.id_parameter FROM DUAL;
END;
/
ALTER TRIGGER "FRAUD"."CASE_PARAMETER_SEQ_TR" ENABLE;
--------------------------------------------------------
--  DDL for Trigger PROFILEUSER_SEQ_TR
--------------------------------------------------------

  CREATE OR REPLACE TRIGGER "FRAUD"."PROFILEUSER_SEQ_TR" 
 BEFORE INSERT ON FRAUD_PROFILEUSER FOR EACH ROW
  WHEN (NEW.id IS NULL) BEGIN
 SELECT profileuser_seq.NEXTVAL INTO :NEW.id FROM DUAL;
END;
/
ALTER TRIGGER "FRAUD"."PROFILEUSER_SEQ_TR" ENABLE;
